rx bps(Gbps),tx bps(Gbps)
0,0
0,0
0,0
0,0.000048
0,0
0,0
0,0.046801152
0,0.250238592
0,0.250262016
0,0.248669184
0,0.243422208
0,0.250683648
0,0.25133952
0,0.251831424
0,0.251269248
0,0.250543104
0,0.076807296
