rx bps(Gbps),tx bps(Gbps)
0,0
0,0
0,0
0,1.38043008
0,11.660373504
0,11.864747904
0,11.842424832
0,11.839590528
0,11.838349056
0,11.815744896
0,11.763392256
0,11.45714688
0,11.81611968
0,11.811879936
0,11.804196864
0,11.833640832
0,11.764844544
0,11.854511616
0,11.835163392
0,11.85043584
0,11.84329152
0,11.804735616
0,11.860484736
0,11.813332224
0,11.873203968
0,11.834062464
0,11.836639104
0,11.82291264
0,11.845961856
0,11.821671168
