rx bps(Gbps),tx bps(Gbps)
0,0
0,0
0,0
0,3.121254912
0,19.169803392
0,19.50528192
0,19.527253632
0,19.512964992
0,19.540605312
0,19.524583296
0,19.34154816
0,19.35384576
0,19.532196096
0,19.552457856
0,19.537044864
0,19.536459264
0,19.5613824
0,18.616856448
0,19.56325632
0,19.530041088
0,19.374365184
0,19.509662208
0,19.549810944
0,19.560187776
0,19.558594944
0,19.521186816
0,19.571618688
0,18.659113344
0,18.663353088
0,19.52835456
