rx bps(Gbps),tx bps(Gbps)
0,0
0,0
0,0
0,1.297433664
0,6.34743552
0,6.36687744
0,6.372944256
0,6.356617728
0,6.36418368
0,6.376809216
0,6.36968832
0,6.37460736
0,6.371538816
0,6.36945408
0,6.373576704
0,6.374935296
0,6.373506432
0,6.362614272
0,6.372780288
0,6.359288064
0,6.365917056
0,6.362989056
0,6.365799936
0,6.368142336
0,6.375052416
0,6.36594048
0,6.374185728
0,6.36207552
0,6.369969408
0,6.37694976
