rx bps(Gbps),tx bps(Gbps)
0,0
0,0
0,0
0,0.022095744
0,0.030521472
0,0.031880064
0,0.035299968
0,0.03794688
0,0.032887296
0,0.031481856
0,0.035417088
0,0.031200768
0,0.040195584
0,0.035229696
0,0.035417088
0,0.031481856
0,0.035323392
0,0.032137728
0,0.034573824
0,0.031481856
0,0.031481856
0,0.03138816
0,0.031575552
0,0.005528064
0,0
0,0
0,0
0,0
0,0
0,0
