rx bps(Gbps),tx bps(Gbps)
0,0
0,0
0,0
0,2.319334272
0,19.106980224
0,19.515799296
0,19.512285696
0,19.528869888
0,19.518703872
0,19.52847168
0,19.520109312
0,19.499730432
0,19.173340416
0,19.484364288
0,19.51254336
0,19.497270912
0,19.515260544
0,19.519359744
0,19.376028288
0,19.51324608
0,19.509591936
0,19.50422784
0,19.527862656
0,19.50528192
0,19.515166848
0,19.506054912
0,19.392542208
0,19.508818944
0,19.517532672
0,19.528073472
