rx bps(Gbps),tx bps(Gbps)
0,0
0,0
0,0
0,3.18923136
0,20.2277952
0,20.326972416
0,20.07366528
0,20.25520128
0,20.293124736
0,20.320999296
0,20.018454912
0,20.297575296
0,20.295537408
0,20.296216704
0,20.310317952
0,20.278929792
0,20.050662912
0,20.081207808
0,20.26796736
0,20.292422016
0,20.317673088
0,20.339223168
0,20.341237632
0,20.32219392
0,20.354261376
0,20.307764736
0,20.34116736
0,20.342643072
0,20.23915584
0,19.934198784
