rx bps(Gbps),tx bps(Gbps)
0,0
0,0
0,0
0,2.514198528
0,18.949594368
0,19.415591424
0,19.421353728
0,19.396781952
0,19.459769088
0,19.456770816
0,19.46229888
0,19.454990592
0,19.211380992
0,19.360685568
0,19.202714112
0,19.411492224
0,19.440912768
0,19.429294464
0,19.277928576
0,19.361950464
0,19.447705728
0,19.452484224
0,19.450750848
0,19.4530464
0,19.471387392
0,19.430863872
0,19.449251712
0,19.437891072
0,19.470075648
0,19.472324352
