rx bps(Gbps),tx bps(Gbps)
0,0
0,0
0,0
0,4.589213568
0,19.518961536
0,19.312361856
0,19.481693952
0,19.510809984
0,19.412148096
0,19.469583744
0,19.4940384
0,19.523693184
0,19.483450752
0,19.301118336
0,19.256729856
0,19.37129664
0,19.437727104
0,19.42470336
0,19.40280192
0,19.468646784
