rx bps(Gbps),tx bps(Gbps)
0,0
0,0
0,0
0.000000048,0.000311424
0,0
0,0
0,0
0,0
0,0
0,0
0,0
0,0
0,0
0,0
0,0
0,0
0,0
0,0
0,0
0,0
0,0
