rx bps(Gbps),tx bps(Gbps)
0,0
0,0
0,0
0,3.530917248
0,20.001168
0,20.135832576
0,19.931434752
0,20.00737536
0,19.951907328
0,20.091022464
0,20.128735104
0,20.103507456
0,20.093716224
0,20.128102656
0,19.85687616
0,19.980109824
0,20.08572864
0,20.0644128
0,19.821810432
0,20.09181888
0,19.766857728
0,20.103460608
0,20.044080768
0,20.03993472
0,20.108848128
0,20.10294528
0,20.129836032
0,20.082847488
0,19.912718976
0,19.985918976
