mtu,tx bps(Gbps)
1518,0
1518,0
1518,0
1518,0.031702784
1518,0.066157184
1518,0.051265792
