rx bps(Gbps),tx bps(Gbps)
0,0
0,0
0,0
0,2.958247296
0,19.568784384
0,19.67428608
0,19.519148928
0,19.672084224
0,19.694852352
0,19.619028864
0,19.675082496
0,19.682390784
0,19.651377408
0,19.338573312
0,19.553441664
0,19.538754816
0,19.645404288
0,19.675832064
0,19.679486208
0,19.685107968
0,19.649128704
0,19.690729728
0,19.668336384
0,19.692345984
0,19.67955648
0,19.633785984
0,19.604201472
0,19.700427264
0,19.668172416
0,19.595487744
