mtu,tx bps(Gbps)
1518,0
1518,0
1518,0
1518,5.225109504
1518,19.223069568
1518,19.16422848
1518,19.15075968
1518,19.172731392
1518,19.253731584
1518,19.252607232
1518,19.179828864
1518,19.267481472
1518,19.261602048
1518,19.180109952
1518,19.259165952
1518,19.209717888
1518,19.2568704
1518,5.002054656
