rx bps(Gbps),tx bps(Gbps)
0,0
0,0
0,0
0,0.110427648
0,0.25789824
0,0.262301952
0,0.262512768
0,0.262957824
0,0.26398848
0,0.263192064
0,0.257476608
0,0.26258304
0,0.261950592
0,0.262161408
0,0.26375424
0,0.262887552
0,0.262840704
0,0.262161408
0,0.263566848
0,0.262864128
0,0.262910976
0,0.262723584
0,0.055702272
