rx bps(Gbps),tx bps(Gbps)
0,0
0,0
0,0
0,0.072143232
0,0.17233248
0,0
