rx bps(Gbps),tx bps(Gbps)
0,0
0,0
0,0
0,5.530788096
0,19.853385984
0,19.866971904
0,19.562389632
0,19.660910976
0,19.706681472
0,19.838980224
0,19.87432704
0,19.864324992
0,19.879737984
0,19.876388352
0,19.89130944
0,19.871235072
0,19.859124864
0,19.918340736
0,19.877559552
0,19.849403904
