rx bps(Gbps),tx bps(Gbps)
0,0
0,0
0,0
0,0.00573408
0,0.01622112
0,0.028179072
0,0.031821504
0,0.012496704
0,0.01253184
0,0.011079552
0,0.007589376
0,0.014663424
0,0.020519424
0,0.015740928
0,0.012508416
0,0.011805696
0,0.015787776
0,0
0,0
0,0.008690304
0,0.007659648
0,0.008116416
0,0.006547008
0,0.006535296
0,0.020214912
0,0.011161536
0,0.012098496
0,0.011875968
0,0.011524608
0,0.00872544
