rx bps(Gbps),tx bps(Gbps)
0,0
0,0
0,0
0,2.750429568
0,19.710452736
0,19.849474176
0,19.445925504
0,19.62802368
0,19.998521088
0,20.041433856
0,20.028761472
0,19.916068608
0,20.017283712
0,20.035039104
0,20.037381504
0,19.853151744
0,19.946402688
0,19.9754016
0,19.967367168
0,19.995405696
