mtu,tx bps(Gbps)
1518,42.592901376
1518,19.76142336
1518,19.785386112
1518,19.9262112
1518,19.934269056
1518,19.954273152
1518,19.899179904
1518,19.95853632
1518,19.953172224
1518,19.873811712
1518,19.9508064
1518,12.082708224
